Local date,Demand,Net generation,Coal,Natural gas,Petroleum,Hydro,Solar,Wind,Other
2023-05-02,1088310.0,1089108.0,153400.0,489405.0,0.0,360.0,83826.0,265060.0,4212.0
2023-05-03,1116888.0,1116782.0,182072.0,533644.0,0.0,360.0,103400.0,202842.0,1981.0
2023-05-04,1133359.0,1133112.0,188183.0,476972.0,0.0,421.0,79125.0,292192.0,3294.0
2023-05-05,1296605.0,1296170.0,192901.0,540164.0,0.0,871.0,116772.0,349646.0,3038.0
2023-05-06,1227630.0,1225193.0,153070.0,512820.0,0.0,915.0,102994.0,360500.0,2303.0
2023-05-07,1145732.0,1143422.0,133229.0,439798.0,0.0,539.0,78089.0,397567.0,1645.0
2023-05-08,1240608.0,1240422.0,173215.0,548902.0,0.0,612.0,107718.0,316180.0,1874.0
2023-05-09,1160685.0,1159935.0,161147.0,486655.0,0.0,10.0,91131.0,326299.0,2063.0
2023-05-10,1127019.0,1126241.0,158836.0,453501.0,0.0,117.0,91734.0,327629.0,2405.0
2023-05-11,1242643.0,1241674.0,159299.0,541727.0,0.0,212.0,114067.0,331014.0,2826.0
2023-05-12,1296166.0,1296523.0,162628.0,591262.0,0.0,473.0,83366.0,364093.0,2309.0
2023-05-13,1113613.0,1113230.0,161068.0,599253.0,0.0,202.0,66955.0,191591.0,1741.0
2023-05-14,1078184.0,1076013.0,182278.0,660635.0,0.0,367.0,81869.0,56755.0,1794.0
2023-05-15,1178647.0,1175171.0,176598.0,698785.0,0.0,615.0,84538.0,119025.0,3838.0
2023-05-16,1145980.0,1139600.0,190629.0,714476.0,0.0,450.0,90418.0,47554.0,3854.0
2023-05-17,1174307.0,1172967.0,180221.0,676681.0,0.0,460.0,118401.0,101356.0,4202.0
2023-05-18,1229914.0,1229065.0,192130.0,611385.0,0.0,541.0,104142.0,225079.0,3796.0
2023-05-19,1282044.0,1282310.0,182142.0,612800.0,0.0,538.0,108022.0,281820.0,5401.0
2023-05-20,1131790.0,1130603.0,172316.0,614055.0,0.0,607.0,77326.0,172430.0,2120.0
2023-05-21,1047063.0,1042999.0,182908.0,584777.0,0.0,149.0,76640.0,105351.0,1203.0
2023-05-22,1174458.0,1172798.0,183394.0,612431.0,0.0,734.0,101285.0,180850.0,2087.0
2023-05-23,1236835.0,1230963.0,180019.0,621483.0,0.0,55.0,116749.0,217874.0,2938.0
2023-05-24,1225207.0,1223327.0,180379.0,656767.0,0.0,216.0,100061.0,191911.0,2626.0
2023-05-25,1222667.0,1217804.0,156303.0,643934.0,0.0,101.0,97126.0,226939.0,1959.0
2023-05-26,1225139.0,1221494.0,151253.0,618919.0,0.0,72.0,96191.0,261078.0,2089.0
2023-05-27,1176971.0,1171947.0,137997.0,566471.0,0.0,101.0,77543.0,295949.0,1973.0
2023-05-28,1147946.0,1141630.0,149520.0,546366.0,0.0,130.0,98481.0,248326.0,1462.0
2023-05-29,1186100.0,1180132.0,199056.0,614949.0,0.0,155.0,115382.0,138202.0,1924.0
2023-05-30,1243485.0,1242650.0,181095.0,616480.0,0.0,62.0,123951.0,203144.0,2101.0
2023-05-31,1284162.0,1287331.0,182770.0,528723.0,0.0,62.0,116690.0,336458.0,2064.0
2023-06-01,1296126.0,1296019.0,189794.0,513269.0,0.0,242.0,103488.0,366194.0,2565.0
2023-06-02,1314546.0,1313304.0,190457.0,547686.0,0.0,273.0,93392.0,358191.0,3000.0
2023-06-03,1254028.0,1249701.0,203933.0,702502.0,0.0,217.0,102542.0,118293.0,2095.0
2023-06-04,1158050.0,1158359.0,154764.0,671382.0,0.0,146.0,108721.0,101813.0,1443.0
2023-06-05,1197644.0,1199018.0,186583.0,732675.0,0.0,143.0,95084.0,62440.0,1823.0
2023-06-06,1220965.0,1220486.0,192571.0,745519.0,0.0,77.0,117200.0,42491.0,2347.0
2023-06-07,1280461.0,1277956.0,194949.0,764109.0,0.0,101.0,111659.0,84549.0,2524.0
2023-06-08,1281993.0,1278217.0,204076.0,724788.0,0.0,72.0,121209.0,105065.0,3089.0
2023-06-09,1372028.0,1366241.0,213855.0,722408.0,0.0,202.0,121688.0,184189.0,4211.0
2023-06-10,1386811.0,1384307.0,206722.0,630932.0,0.0,384.0,127078.0,295648.0,3814.0
2023-06-11,1379526.0,1376202.0,202950.0,651906.0,0.0,365.0,133611.0,263943.0,3492.0
2023-06-12,1403991.0,1406249.0,200182.0,638428.0,0.0,335.0,106303.0,337196.0,3910.0
2023-06-13,1372096.0,1373359.0,238457.0,725447.0,0.0,343.0,101341.0,184314.0,3474.0
2023-06-14,1430022.0,1425305.0,242276.0,778920.0,0.0,445.0,106488.0,172886.0,4292.0
2023-06-15,1509531.0,1508905.0,214918.0,721476.0,0.0,545.0,115589.0,332626.0,3862.0
2023-06-16,1490931.0,1485439.0,231803.0,803930.0,0.0,884.0,119819.0,211922.0,4007.0
2023-06-17,1463402.0,1456246.0,230198.0,758191.0,0.0,510.0,101951.0,271608.0,3179.0
2023-06-18,1464688.0,1452438.0,223470.0,757725.0,0.0,599.0,129923.0,242472.0,3908.0
2023-06-19,1560044.0,1548496.0,206400.0,788782.0,0.0,1041.0,128775.0,311606.0,3789.0
2023-06-20,1593327.0,1579721.0,222879.0,853044.0,0.0,1459.0,122631.0,262970.0,4943.0
2023-06-21,1546520.0,1539931.0,235403.0,800665.0,0.0,1102.0,111848.0,275205.0,3994.0
2023-06-22,1445145.0,1444021.0,189891.0,707828.0,0.0,765.0,115912.0,314695.0,3174.0
2023-06-23,1487387.0,1485167.0,185029.0,682721.0,0.0,924.0,114430.0,387141.0,3357.0
2023-06-24,1502845.0,1496433.0,184888.0,671102.0,0.0,850.0,123329.0,400881.0,3776.0
2023-06-25,1548274.0,1539463.0,203006.0,726124.0,0.0,1079.0,131236.0,362304.0,4077.0
2023-06-26,1602299.0,1590113.0,228264.0,839185.0,0.0,1405.0,131214.0,274600.0,3850.0
2023-06-27,1613826.0,1605610.0,226978.0,727075.0,0.0,969.0,132552.0,402781.0,3674.0
2023-06-28,1597604.0,1591696.0,206695.0,635394.0,0.0,846.0,118683.0,514024.0,4453.0
2023-06-29,1590735.0,1590626.0,213711.0,641834.0,0.0,632.0,124207.0,494639.0,4115.0
2023-06-30,1552925.0,1554623.0,216155.0,665157.0,0.0,821.0,114971.0,441687.0,4287.0
2023-07-01,1429609.0,1423219.0,204747.0,728533.0,0.0,923.0,91615.0,282589.0,3303.0
2023-07-02,1374090.0,1364690.0,215643.0,796420.0,0.0,1204.0,116885.0,113119.0,3503.0
2023-07-03,1469543.0,1459330.0,231498.0,836919.0,0.0,1122.0,120267.0,146941.0,3649.0
2023-07-04,1427496.0,1420613.0,206606.0,699357.0,0.0,844.0,125899.0,265883.0,3019.0
2023-07-05,1513716.0,1505348.0,222394.0,721060.0,0.0,936.0,130482.0,307501.0,3929.0
2023-07-06,1424420.0,1424208.0,251567.0,705594.0,0.0,853.0,114045.0,228708.0,4378.0
2023-07-07,1415506.0,1413295.0,199746.0,630286.0,0.0,893.0,109342.0,350345.0,3890.0
2023-07-08,1454831.0,1447002.0,211637.0,744243.0,0.0,758.0,117515.0,248968.0,4542.0
2023-07-09,1459007.0,1449921.0,198688.0,700136.0,0.0,755.0,120399.0,307160.0,3487.0
2023-07-10,1553838.0,1545134.0,263070.0,826456.0,0.0,851.0,126736.0,204123.0,4805.0
2023-07-11,1569142.0,1562339.0,253347.0,732387.0,0.0,851.0,111426.0,340745.0,4615.0
2023-07-12,1622792.0,1619478.0,211508.0,687071.0,0.0,827.0,125455.0,471632.0,4024.0
2023-07-13,1635112.0,1627668.0,226866.0,771215.0,0.0,1057.0,127871.0,377582.0,3796.0
2023-07-14,1620195.0,1611397.0,238502.0,795116.0,0.0,772.0,123735.0,330479.0,3801.0
2023-07-15,1563842.0,1554887.0,207247.0,784594.0,0.0,1584.0,120927.0,317616.0,3942.0
2023-07-16,1479284.0,1467157.0,219156.0,795626.0,0.0,1490.0,119351.0,208762.0,3856.0
2023-07-17,1586029.0,1577745.0,199701.0,792592.0,0.0,1473.0,141111.0,319783.0,4186.0
2023-07-18,1640622.0,1637423.0,192923.0,702088.0,0.0,771.0,120447.0,498650.0,3640.0
2023-07-19,1643440.0,1643028.0,201784.0,709847.0,0.0,952.0,134293.0,473467.0,3805.0
2023-07-20,1622823.0,1614948.0,221164.0,826358.0,0.0,1025.0,135196.0,308323.0,4016.0
2023-07-21,1585901.0,1579340.0,221095.0,824756.0,0.0,1164.0,128962.0,281021.0,3593.0
2023-07-22,1517021.0,1510869.0,250468.0,871930.0,0.0,1114.0,131387.0,133266.0,4017.0
2023-07-23,1464116.0,1456412.0,213740.0,818557.0,0.0,1280.0,129893.0,171044.0,3321.0
2023-07-24,1551301.0,1540923.0,209562.0,795140.0,0.0,1131.0,136270.0,276018.0,4286.0
2023-07-25,1587415.0,1584985.0,210005.0,740327.0,0.0,991.0,136415.0,374459.0,4204.0
2023-07-26,1586706.0,1583361.0,223647.0,745561.0,0.0,877.0,139904.0,350429.0,4311.0
2023-07-27,1575986.0,1571932.0,221889.0,757989.0,0.0,987.0,139545.0,328612.0,4081.0
2023-07-28,1558595.0,1554557.0,214239.0,798439.0,0.0,789.0,136161.0,282312.0,3859.0
2023-07-29,1526058.0,1519525.0,210397.0,816938.0,0.0,1250.0,133093.0,235578.0,3559.0
2023-07-30,1544023.0,1535110.0,224669.0,859901.0,0.0,1039.0,132822.0,194062.0,4011.0
2023-07-31,1637543.0,1626874.0,238917.0,905651.0,0.0,1134.0,130292.0,227566.0,4800.0
2023-08-01,1664531.0,1658282.0,234255.0,861595.0,0.0,849.0,127536.0,311230.0,4415.0
2023-08-02,1662141.0,1656447.0,236778.0,858053.0,0.0,1001.0,138389.0,299804.0,4068.0
2023-08-03,1668358.0,1663040.0,230602.0,833289.0,0.0,1371.0,136351.0,339088.0,3955.0
2023-08-04,1676770.0,1671288.0,225815.0,868610.0,0.0,1707.0,136451.0,315970.0,4258.0
2023-08-05,1656949.0,1649009.0,194884.0,805540.0,0.0,1433.0,135047.0,389935.0,3661.0
2023-08-06,1622781.0,1614401.0,188361.0,813505.0,0.0,1675.0,134179.0,354071.0,4047.0
2023-08-07,1683224.0,1675341.0,210123.0,892042.0,0.0,1331.0,123259.0,325928.0,4104.0
2023-08-08,1668464.0,1656750.0,216502.0,899572.0,0.0,1475.0,117942.0,298551.0,4125.0
2023-08-09,1687268.0,1681241.0,203995.0,819569.0,0.0,1345.0,124050.0,409791.0,3808.0
2023-08-10,1704812.0,1698373.0,241210.0,932010.0,0.0,1537.0,129152.0,271420.0,4312.0
2023-08-11,1712925.0,1707489.0,232134.0,862105.0,0.0,1266.0,127093.0,361998.0,4139.0
2023-08-12,1679926.0,1674068.0,215203.0,813427.0,0.0,1288.0,127991.0,393128.0,4306.0
2023-08-13,1659474.0,1651726.0,217773.0,820047.0,0.0,1355.0,132187.0,357340.0,4279.0
2023-08-14,1673474.0,1664098.0,228075.0,843432.0,0.0,1406.0,125347.0,343719.0,3507.0
2023-08-15,1570101.0,1559806.0,255189.0,913881.0,0.0,1436.0,133404.0,133068.0,4173.0
2023-08-16,1523482.0,1512760.0,205752.0,829745.0,0.0,1379.0,136585.0,216770.0,3905.0
2023-08-17,1603739.0,1592482.0,217813.0,861048.0,0.0,1488.0,130383.0,257666.0,5394.0
2023-08-18,1664887.0,1653160.0,232801.0,876295.0,0.0,1167.0,135080.0,285733.0,3606.0
2023-08-19,1637996.0,1627956.0,216980.0,835813.0,0.0,1082.0,139325.0,312772.0,3686.0
2023-08-20,1646173.0,1635985.0,242013.0,897781.0,0.0,1434.0,129490.0,242753.0,4160.0
2023-08-21,1682166.0,1672908.0,264103.0,952839.0,0.0,1264.0,107394.0,224386.0,4429.0
2023-08-22,1618266.0,1609546.0,256669.0,922512.0,0.0,1142.0,88117.0,218351.0,3926.0
2023-08-23,1626059.0,1614909.0,253240.0,907204.0,0.0,1272.0,108179.0,221472.0,4692.0
2023-08-24,1643734.0,1630123.0,245177.0,989065.0,0.0,1606.0,124356.0,146114.0,5082.0
2023-08-25,1657940.0,1642672.0,242606.0,986675.0,0.0,1744.0,129302.0,158135.0,5612.0
2023-08-26,1613013.0,1596221.0,247696.0,981064.0,0.0,1633.0,106653.0,135535.0,5057.0
2023-08-27,1568338.0,1553922.0,242508.0,938972.0,0.0,1596.0,108183.0,139708.0,4362.0
2023-08-28,1522237.0,1509214.0,224969.0,946236.0,0.0,1516.0,108799.0,104290.0,4809.0
2023-08-29,1490972.0,1479911.0,199892.0,926786.0,0.0,1163.0,126052.0,102778.0,4632.0
2023-08-30,1470602.0,1459104.0,195743.0,928767.0,0.0,1383.0,126930.0,81889.0,5566.0
2023-08-31,1485279.0,1474477.0,188869.0,894460.0,0.0,1285.0,130656.0,135539.0,4906.0
2023-09-01,1492598.0,1481569.0,185521.0,824567.0,0.0,1291.0,133133.0,213548.0,4584.0
2023-09-02,1439649.0,1427016.0,196981.0,807823.0,0.0,1229.0,125836.0,171840.0,4391.0
2023-09-03,1458723.0,1448162.0,184053.0,767359.0,0.0,1395.0,126164.0,246853.0,3545.0
2023-09-04,1540261.0,1533744.0,171002.0,656033.0,0.0,1379.0,116117.0,466231.0,4069.0
2023-09-05,1633591.0,1623512.0,201449.0,778096.0,0.0,1272.0,124922.0,393791.0,5015.0
2023-09-06,1625995.0,1613929.0,247316.0,928843.0,0.0,1575.0,126340.0,185451.0,5663.0
2023-09-07,1649605.0,1637977.0,227399.0,910523.0,0.0,1533.0,129592.0,245467.0,4857.0
2023-09-08,1649779.0,1639418.0,211320.0,872905.0,0.0,1596.0,126703.0,303531.0,4699.0
2023-09-09,1504588.0,1493509.0,226631.0,832377.0,0.0,1086.0,120320.0,190730.0,3633.0
2023-09-10,1402513.0,1394589.0,191027.0,694337.0,0.0,1037.0,111945.0,273872.0,3536.0
2023-09-11,1382735.0,1380217.0,179841.0,675361.0,0.0,1017.0,88050.0,313213.0,3800.0
2023-09-12,1361880.0,1353981.0,232000.0,785908.0,0.0,987.0,54520.0,157822.0,3673.0
2023-09-13,1337512.0,1328518.0,242176.0,818818.0,0.0,788.0,65492.0,78543.0,3509.0
2023-09-14,1300538.0,1298038.0,225054.0,723620.0,0.0,876.0,84752.0,140991.0,3429.0
2023-09-15,1297824.0,1295872.0,212540.0,739037.0,0.0,555.0,87142.0,133021.0,4250.0
2023-09-16,1238082.0,1240081.0,200228.0,723945.0,0.0,786.0,83515.0,109020.0,3089.0
2023-09-17,1274168.0,1269793.0,219424.0,771231.0,0.0,508.0,115596.0,39360.0,4081.0
2023-09-18,1341370.0,1335009.0,187851.0,678163.0,0.0,524.0,121516.0,223487.0,3909.0
2023-09-19,1373207.0,1372574.0,185805.0,590284.0,0.0,624.0,114415.0,358071.0,3868.0
2023-09-20,1414784.0,1411400.0,201035.0,707333.0,0.0,1271.0,119780.0,258258.0,4220.0
2023-09-21,1457828.0,1454210.0,223112.0,747143.0,0.0,645.0,84543.0,274482.0,4796.0
2023-09-22,1496329.0,1491780.0,196226.0,703232.0,0.0,733.0,114798.0,352311.0,5002.0
2023-09-23,1505670.0,1494390.0,218480.0,724857.0,0.0,464.0,115310.0,310883.0,4946.0
2023-09-24,1502094.0,1490560.0,251385.0,756779.0,0.0,1092.0,118151.0,239492.0,4306.0
2023-09-25,1439986.0,1432836.0,260403.0,791312.0,0.0,491.0,87319.0,169506.0,4443.0
2023-09-26,1400206.0,1390435.0,240077.0,816267.0,0.0,1063.0,111541.0,97519.0,4623.0
2023-09-27,1409630.0,1398967.0,214456.0,764469.0,0.0,594.0,109149.0,187813.0,3182.0
2023-09-28,1430653.0,1430985.0,200352.0,699784.0,0.0,621.0,114132.0,293145.0,3620.0
2023-09-29,1438038.0,1441034.0,187611.0,599291.0,0.0,355.0,103766.0,427062.0,3580.0
2023-09-30,1383191.0,1383886.0,199511.0,590113.0,0.0,806.0,111316.0,359171.0,3505.0
2023-10-01,1317955.0,1315028.0,195214.0,583478.0,0.0,415.0,92436.0,320589.0,3307.0
2023-10-02,1345095.0,1342008.0,176291.0,602396.0,0.0,551.0,89292.0,350450.0,3425.0
2023-10-03,1324942.0,1321395.0,215036.0,613003.0,0.0,492.0,81454.0,287758.0,3946.0
2023-10-04,1409777.0,1407610.0,228393.0,691736.0,0.0,477.0,70730.0,292481.0,4053.0
2023-10-05,1220866.0,1219980.0,217492.0,633301.0,0.0,342.0,68966.0,176137.0,3763.0
2023-10-06,1182878.0,1181099.0,206916.0,595944.0,0.0,230.0,102865.0,150831.0,4115.0
2023-10-07,1018684.0,1020887.0,161463.0,425785.0,0.0,341.0,110461.0,199639.0,2754.0
2023-10-08,986091.0,984709.0,147793.0,391452.0,0.0,426.0,115914.0,205423.0,3010.0
2023-10-09,1103223.0,1103182.0,173035.0,490346.0,0.0,529.0,114910.0,201423.0,2744.0
2023-10-10,1136360.0,1136454.0,176097.0,474108.0,0.0,426.0,76323.0,291560.0,2332.0
2023-10-11,1100541.0,1101069.0,140798.0,395608.0,0.0,376.0,79444.0,367151.0,2016.0
2023-10-12,1143969.0,1144528.0,134863.0,370343.0,0.0,342.0,80995.0,436323.0,2424.0
2023-10-13,1210076.0,1209947.0,170508.0,528419.0,0.0,393.0,95077.0,291912.0,2757.0
2023-10-14,1004835.0,1005126.0,144970.0,415905.0,0.0,305.0,83913.0,236058.0,2923.0
2023-10-15,955296.0,955685.0,127414.0,397453.0,0.0,307.0,96218.0,228017.0,2044.0
2023-10-16,992495.0,992395.0,150288.0,526679.0,0.0,336.0,124357.0,95300.0,3048.0
2023-10-17,1013527.0,1013609.0,153159.0,404756.0,0.0,393.0,123277.0,236550.0,2930.0
2023-10-18,1054198.0,1053998.0,132914.0,335384.0,0.0,355.0,110056.0,379746.0,3028.0
2023-10-19,1103705.0,1102458.0,178830.0,570846.0,0.0,879.0,116361.0,139565.0,3510.0
2023-10-20,1136936.0,1134292.0,196317.0,596168.0,0.0,936.0,114333.0,131235.0,3108.0
2023-10-21,1121055.0,1123765.0,151832.0,463273.0,0.0,442.0,75172.0,338193.0,2877.0
2023-10-22,1154267.0,1149321.0,182106.0,432883.0,0.0,493.0,52217.0,386134.0,3635.0
2023-10-23,1222052.0,1220724.0,187376.0,466570.0,0.0,632.0,33734.0,437711.0,2804.0
2023-10-24,1208404.0,1209275.0,149209.0,468777.0,0.0,641.0,60444.0,435634.0,2529.0
2023-10-25,1215661.0,1210941.0,191981.0,564178.0,0.0,394.0,60996.0,297403.0,3961.0
2023-10-26,1217276.0,1210367.0,169838.0,544023.0,0.0,1763.0,75119.0,324896.0,2750.0
2023-10-27,1253255.0,1243024.0,194630.0,591732.0,0.0,2277.0,61521.0,298745.0,2149.0
2023-10-28,1146964.0,1137573.0,216529.0,566197.0,0.0,1198.0,45336.0,214290.0,2119.0
2023-10-29,1110045.0,1110995.0,150160.0,346919.0,0.0,696.0,23314.0,496508.0,1529.0
2023-10-30,1117584.0,1113084.0,149553.0,446955.0,0.0,543.0,57302.0,363969.0,2443.0
2023-10-31,1099439.0,1096007.0,189517.0,548893.0,0.0,929.0,100371.0,159129.0,4355.0
2023-11-01,1097093.0,1102256.0,179371.0,467816.0,0.0,1017.0,112171.0,244875.0,4089.0
2023-11-02,1079614.0,1085108.0,162695.0,364575.0,0.0,655.0,107718.0,352928.0,3578.0
2023-11-03,1039139.0,1041815.0,142978.0,292522.0,0.0,794.0,100900.0,409038.0,2550.0
2023-11-04,999981.0,1005908.0,151698.0,342154.0,0.0,670.0,94572.0,321844.0,1982.0
2023-11-05,1056088.0,1055048.0,206623.0,378954.0,0.0,752.0,76713.0,292218.0,2956.0
2023-11-06,1100729.0,1099480.0,172044.0,320892.0,0.0,197.0,87403.0,423444.0,2557.0
2023-11-07,1141202.0,1144564.0,161680.0,351833.0,0.0,226.0,95236.0,440253.0,2487.0
2023-11-08,1161504.0,1158702.0,154243.0,436845.0,0.0,712.0,82661.0,388461.0,3114.0
2023-11-09,1092605.0,1087832.0,164946.0,465965.0,0.0,589.0,15514.0,345897.0,2215.0
2023-11-10,1027258.0,1021342.0,179683.0,525467.0,0.0,143.0,29701.0,191231.0,2363.0
2023-11-11,983559.0,966522.0,202717.0,560923.0,0.0,118.0,34217.0,72966.0,2657.0
2023-11-12,980152.0,963324.0,212139.0,538739.0,0.0,96.0,32004.0,84672.0,2688.0
2023-11-13,1016154.0,1002058.0,192717.0,548272.0,0.0,70.0,25584.0,138139.0,2590.0
2023-11-14,1013360.0,1001415.0,192129.0,544136.0,0.0,95.0,52596.0,100261.0,2020.0
2023-11-15,1016103.0,1007759.0,211784.0,520734.0,0.0,590.0,80942.0,71608.0,1927.0
2023-11-16,1026890.0,1026971.0,153446.0,385639.0,0.0,685.0,39853.0,323272.0,1594.0
2023-11-17,1038118.0,1035017.0,180029.0,427429.0,0.0,69.0,63102.0,239295.0,2632.0
2023-11-18,998193.0,993132.0,195865.0,483573.0,0.0,48.0,57162.0,132252.0,1837.0
2023-11-19,992591.0,986417.0,161866.0,302675.0,0.0,24.0,52972.0,343442.0,3057.0
2023-11-20,1066010.0,1065094.0,151488.0,305220.0,0.0,140.0,52678.0,430754.0,2543.0
2023-11-21,1050438.0,1050621.0,137373.0,286123.0,0.0,50.0,34952.0,466465.0,3372.0
2023-11-22,1088923.0,1088329.0,170407.0,586513.0,0.0,284.0,90295.0,116433.0,1978.0
2023-11-23,1037056.0,1041713.0,150040.0,433195.0,0.0,357.0,69678.0,264429.0,1463.0
2023-11-24,1000122.0,1007330.0,149315.0,430991.0,0.0,355.0,81361.0,221197.0,2032.0
2023-11-25,1005201.0,1004907.0,180240.0,505276.0,0.0,313.0,40500.0,154302.0,2974.0
2023-11-26,1046365.0,1047463.0,134730.0,436178.0,0.0,234.0,73356.0,278506.0,2776.0
2023-11-27,1165176.0,1165231.0,191738.0,686905.0,0.0,184.0,58713.0,102793.0,2262.0
2023-11-28,1103948.0,1104182.0,168604.0,596388.0,0.0,215.0,77312.0,136730.0,2307.0
2023-11-29,1107087.0,1109713.0,159395.0,413187.0,0.0,75.0,56482.0,354251.0,3648.0
2023-11-30,1052570.0,1057595.0,182952.0,343110.0,0.0,84.0,40092.0,364830.0,3834.0
2023-12-01,1036469.0,1036496.0,182440.0,505994.0,0.0,49.0,71025.0,150108.0,4262.0
2023-12-02,1028098.0,1031457.0,149683.0,361067.0,0.0,140.0,50709.0,344317.0,2852.0
2023-12-03,1016070.0,1019196.0,138254.0,315208.0,0.0,161.0,67849.0,371946.0,3069.0
2023-12-04,1055166.0,1051388.0,167459.0,508348.0,0.0,50.0,91846.0,158404.0,2591.0
2023-12-05,1069493.0,1066382.0,180390.0,565412.0,0.0,96.0,84418.0,109738.0,3700.0
2023-12-06,1067157.0,1066615.0,140550.0,446034.0,0.0,60.0,84378.0,270489.0,2477.0
2023-12-07,1076727.0,1072711.0,134783.0,220534.0,0.0,63.0,47073.0,545395.0,2386.0
2023-12-08,1056836.0,1053864.0,127030.0,284047.0,0.0,49.0,70689.0,445870.0,3599.0
2023-12-09,1040818.0,1040600.0,128725.0,299855.0,0.0,129.0,69111.0,417950.0,2315.0
2023-12-10,1083011.0,1082678.0,142691.0,409425.0,0.0,76.0,92944.0,312240.0,2699.0
2023-12-11,1163238.0,1162197.0,150634.0,542754.0,0.0,147.0,94590.0,248743.0,2703.0
2023-12-12,1109952.0,1111192.0,134773.0,450304.0,0.0,151.0,58047.0,343182.0,2051.0
2023-12-13,1101184.0,1103843.0,126034.0,392015.0,0.0,69.0,19326.0,441826.0,1890.0
2023-12-14,1088327.0,1091265.0,126005.0,425364.0,0.0,26.0,42415.0,372983.0,1783.0
2023-12-15,1065945.0,1066135.0,152236.0,548720.0,0.0,124.0,48782.0,190915.0,2684.0
2023-12-16,1057475.0,1057224.0,155407.0,420401.0,0.0,49.0,99645.0,256088.0,2939.0
2023-12-17,1073183.0,1073491.0,172170.0,517783.0,0.0,93.0,102100.0,155692.0,2930.0
2023-12-18,1098036.0,1096379.0,178513.0,512329.0,0.0,130.0,99776.0,180867.0,2034.0
2023-12-19,1132023.0,1132536.0,145026.0,300438.0,0.0,90.0,56044.0,505800.0,2469.0
2023-12-20,1081200.0,1087511.0,127039.0,273636.0,0.0,135.0,52962.0,508204.0,2809.0
2023-12-21,1048559.0,1047520.0,164117.0,446573.0,0.0,147.0,36519.0,274986.0,2543.0
2023-12-22,1023205.0,1023711.0,193978.0,497801.0,0.0,187.0,54459.0,152554.0,2119.0
2023-12-23,1004732.0,1003772.0,137314.0,265955.0,0.0,249.0,18673.0,456780.0,2237.0
2023-12-24,987066.0,982906.0,134707.0,234493.0,0.0,431.0,45534.0,442697.0,2529.0
2023-12-25,1036086.0,1030054.0,170632.0,378663.0,0.0,240.0,87638.0,266822.0,3454.0
2023-12-26,1131253.0,1130823.0,186141.0,506250.0,0.0,229.0,86561.0,226265.0,2684.0
2023-12-27,1133152.0,1132035.0,199552.0,475984.0,0.0,321.0,102641.0,227972.0,2857.0
2023-12-28,1162867.0,1162631.0,193962.0,536942.0,0.0,207.0,101126.0,205182.0,2473.0
2023-12-29,1180282.0,1182900.0,215356.0,530216.0,0.0,203.0,108825.0,201872.0,3639.0
2023-12-30,1117966.0,1115842.0,200304.0,493048.0,0.0,330.0,104686.0,191472.0,3173.0
2023-12-31,1057652.0,1061286.0,147935.0,338647.0,0.0,201.0,95785.0,352897.0,3027.0
2024-01-01,1088462.0,1086880.0,215169.0,503925.0,0.0,208.0,82603.0,158954.0,3251.0
2024-01-02,1217193.0,1214296.0,246144.0,666846.0,0.0,494.0,39975.0,133715.0,4334.0
2024-01-03,1169470.0,1170751.0,203138.0,640641.0,0.0,170.0,66427.0,135029.0,2518.0
2024-01-04,1166909.0,1171008.0,194128.0,476172.0,0.0,163.0,48195.0,326290.0,3275.0
2024-01-05,1125128.0,1132965.0,168369.0,441950.0,0.0,172.0,67852.0,328740.0,3096.0
2024-01-06,1129944.0,1129601.0,222309.0,570928.0,0.0,174.0,88626.0,120609.0,4081.0
2024-01-07,1125972.0,1127927.0,185570.0,299034.0,0.0,257.0,53402.0,463253.0,3863.0
2024-01-08,1136442.0,1141981.0,181792.0,194336.0,0.0,161.0,24395.0,616152.0,3348.0
2024-01-09,1253480.0,1256901.0,181346.0,410940.0,0.0,295.0,93511.0,445142.0,4061.0
2024-01-10,1213566.0,1216935.0,177653.0,378887.0,0.0,115.0,82515.0,451683.0,3272.0
2024-01-11,1110890.0,1117141.0,138399.0,312120.0,0.0,317.0,55541.0,483889.0,3954.0
2024-01-12,1177100.0,1192580.0,168393.0,419022.0,0.0,175.0,78817.0,395928.0,7380.0
2024-01-13,1238037.0,1251939.0,159990.0,485448.0,0.0,412.0,38568.0,441137.0,3458.0
2024-01-14,1524691.0,1540434.0,280459.0,814364.0,0.0,380.0,56981.0,260241.0,5111.0
2024-01-15,1739798.0,1727125.0,294488.0,978521.0,0.0,1084.0,63491.0,260759.0,5844.0
2024-01-16,1715511.0,1707321.0,277231.0,986156.0,0.0,675.0,116507.0,196661.0,7080.0
2024-01-17,1567662.0,1565991.0,225772.0,672675.0,0.0,405.0,67333.0,473201.0,3521.0
2024-01-18,1220738.0,1230679.0,178961.0,527911.0,0.0,192.0,95999.0,300159.0,4349.0
2024-01-19,1344178.0,1352592.0,170275.0,539462.0,0.0,232.0,114581.0,399996.0,4949.0
2024-01-20,1475029.0,1472872.0,240505.0,782667.0,0.0,519.0,104072.0,221916.0,4715.0
2024-01-21,1421832.0,1416648.0,244591.0,654257.0,0.0,186.0,25892.0,389999.0,4663.0
2024-01-22,1293337.0,1287206.0,270182.0,715498.0,0.0,404.0,39377.0,167008.0,5054.0
2024-01-23,1152157.0,1152699.0,243634.0,663012.0,0.0,620.0,29222.0,120626.0,5769.0
2024-01-24,1112977.0,1113760.0,182150.0,732940.0,0.0,747.0,32062.0,70349.0,5675.0
2024-01-25,1079931.0,1084322.0,162370.0,643032.0,0.0,605.0,78185.0,105254.0,5113.0
2024-01-26,1094326.0,1095023.0,193541.0,549073.0,0.0,650.0,43240.0,213435.0,5256.0
2024-01-27,1085126.0,1087776.0,148214.0,443801.0,0.0,604.0,82168.0,318418.0,4662.0
2024-01-28,1104361.0,1103598.0,173629.0,616795.0,0.0,654.0,126347.0,92853.0,3417.0
2024-01-29,1097499.0,1096507.0,152693.0,546933.0,0.0,611.0,123017.0,179493.0,3924.0
2024-01-30,1056077.0,1057283.0,164492.0,589089.0,0.0,767.0,114245.0,92965.0,5690.0
2024-01-31,1040361.0,1039027.0,138680.0,502976.0,0.0,663.0,98169.0,181014.0,4406.0
2024-02-01,1023839.0,1023749.0,139136.0,224515.0,0.0,703.0,99659.0,431348.0,5737.0
2024-02-02,1016396.0,1025658.0,120285.0,232841.0,0.0,599.0,53480.0,504103.0,4674.0
2024-02-03,981930.0,980811.0,135667.0,195111.0,0.0,698.0,73038.0,455216.0,3747.0
2024-02-04,1001732.0,1018094.0,111645.0,163877.0,0.0,648.0,55500.0,561444.0,2392.0
2024-02-05,1052592.0,1055044.0,141663.0,392624.0,0.0,1261.0,101754.0,290349.0,4731.0
2024-02-06,1059627.0,1056554.0,148912.0,439903.0,0.0,1025.0,103077.0,236361.0,4496.0
2024-02-07,1048255.0,1051293.0,134531.0,212633.0,0.0,721.0,53250.0,522064.0,5324.0
2024-02-08,1028694.0,1025187.0,144749.0,282434.0,0.0,700.0,66628.0,404374.0,3632.0
2024-02-09,1039648.0,1040656.0,151554.0,396123.0,0.0,747.0,50002.0,315126.0,4494.0
2024-02-10,1007092.0,1008687.0,144007.0,402783.0,0.0,829.0,58977.0,276219.0,3342.0
2024-02-11,1048355.0,1051428.0,123351.0,292435.0,0.0,653.0,50928.0,458107.0,3480.0
2024-02-12,1127283.0,1133630.0,141409.0,481782.0,0.0,2113.0,124375.0,256905.0,4437.0
2024-02-13,1116117.0,1118878.0,135947.0,435221.0,0.0,2175.0,135379.0,283373.0,4157.0
2024-02-14,1071416.0,1073749.0,116314.0,244227.0,0.0,1343.0,104614.0,480866.0,3728.0
2024-02-15,1020328.0,1020054.0,114824.0,451992.0,0.0,2145.0,74784.0,250600.0,3116.0
2024-02-16,1024528.0,1026822.0,108484.0,285714.0,0.0,1816.0,47417.0,457324.0,3540.0
2024-02-17,1173691.0,1179312.0,99634.0,435388.0,0.0,1678.0,70475.0,446028.0,3567.0
2024-02-18,1167088.0,1168263.0,100388.0,581279.0,0.0,2440.0,149421.0,208663.0,3391.0
2024-02-19,1134156.0,1132829.0,96734.0,449423.0,0.0,1812.0,152756.0,304395.0,5020.0
2024-02-20,1066348.0,1072375.0,77200.0,356087.0,0.0,1753.0,129066.0,381689.0,3892.0
2024-02-21,1037904.0,1046728.0,76665.0,214994.0,0.0,929.0,104413.0,522449.0,4713.0
2024-02-22,1051578.0,1055846.0,93787.0,296552.0,0.0,1421.0,106027.0,430956.0,4593.0
2024-02-23,1009016.0,1006606.0,100824.0,471519.0,0.0,2016.0,141461.0,163407.0,4854.0
2024-02-24,994284.0,993999.0,81481.0,287739.0,0.0,1453.0,115413.0,382095.0,3390.0
2024-02-25,1006493.0,1008177.0,76174.0,250508.0,0.0,1466.0,132616.0,419865.0,5174.0
2024-02-26,1102714.0,1100884.0,80266.0,327718.0,0.0,1592.0,106166.0,458344.0,4497.0
2024-02-27,1123990.0,1119182.0,74307.0,351123.0,0.0,1518.0,58807.0,506562.0,4709.0
2024-02-28,1082555.0,1081444.0,67842.0,464530.0,0.0,1516.0,58692.0,362453.0,4270.0
2024-02-29,1143861.0,1132765.0,91023.0,691455.0,0.0,1605.0,68020.0,173421.0,3838.0
2024-03-01,1078759.0,1083202.0,75412.0,444061.0,0.0,1192.0,130649.0,338923.0,3812.0
2024-03-02,1018254.0,1014841.0,59352.0,307970.0,0.0,922.0,112571.0,441154.0,3795.0
2024-03-03,1031780.0,1027315.0,65818.0,278772.0,0.0,118.0,91756.0,498031.0,4186.0
2024-03-04,1110420.0,1099546.0,84994.0,532051.0,0.0,640.0,99932.0,287339.0,5031.0
2024-03-05,1113925.0,1101120.0,101789.0,578410.0,0.0,956.0,141307.0,165030.0,4162.0
2024-03-06,1079909.0,1076520.0,103391.0,544238.0,0.0,506.0,106591.0,195119.0,4906.0
2024-03-07,1070850.0,1069720.0,95088.0,463490.0,0.0,392.0,59689.0,323847.0,5515.0
2024-03-08,1091140.0,1091370.0,81999.0,354913.0,0.0,306.0,88176.0,441208.0,2963.0
2024-03-09,1004623.0,1005446.0,86838.0,374405.0,0.0,785.0,122904.0,293774.0,4774.0
2024-03-10,941195.0,940578.0,84280.0,445956.0,0.0,775.0,146228.0,143137.0,3240.0
2024-03-11,1013935.0,1013538.0,70625.0,307531.0,0.0,329.0,130728.0,378903.0,3395.0
2024-03-12,1036405.0,1035722.0,75113.0,263514.0,0.0,528.0,116781.0,472897.0,3884.0
2024-03-13,1102264.0,1104167.0,80622.0,314288.0,0.0,142.0,107091.0,504036.0,4971.0
2024-03-14,1132880.0,1126737.0,113971.0,499007.0,0.0,718.0,105537.0,310612.0,3993.0
2024-03-15,1091502.0,1092566.0,82231.0,397972.0,0.0,666.0,45916.0,466166.0,3599.0
2024-03-16,1011106.0,1006417.0,126382.0,586488.0,0.0,1096.0,38846.0,143634.0,4762.0
2024-03-17,1002727.0,1001473.0,117503.0,529417.0,0.0,802.0,45009.0,200322.0,3593.0
2024-03-18,1028701.0,1025096.0,104585.0,519030.0,0.0,876.0,124667.0,178386.0,5211.0
2024-03-19,1040202.0,1038930.0,101665.0,457756.0,0.0,676.0,126128.0,256003.0,4431.0
2024-03-20,1023097.0,1022972.0,107557.0,479847.0,0.0,582.0,102250.0,235743.0,4916.0
2024-03-21,1031641.0,1025202.0,133396.0,577944.0,0.0,1131.0,77838.0,131251.0,6782.0
2024-03-22,1052300.0,1055861.0,114376.0,471408.0,0.0,949.0,131902.0,218179.0,4880.0
2024-03-23,996345.0,1001081.0,95908.0,345371.0,0.0,1387.0,130989.0,333852.0,4024.0
2024-03-24,995712.0,1001734.0,86433.0,184810.0,0.0,1054.0,49105.0,586150.0,4354.0
2024-03-25,1057346.0,1060710.0,94689.0,319632.0,0.0,1528.0,90270.0,459786.0,4749.0
2024-03-26,1032429.0,1033867.0,117849.0,492109.0,0.0,1674.0,174743.0,151731.0,5632.0
2024-03-27,1037958.0,1045479.0,105260.0,431084.0,0.0,1351.0,141925.0,270998.0,4622.0
2024-03-28,1043766.0,1044637.0,102690.0,390555.0,0.0,1249.0,162405.0,292284.0,5239.0
2024-03-29,1035317.0,1039763.0,75125.0,174779.0,0.0,1021.0,90221.0,605242.0,3238.0
2024-03-30,1030294.0,1032325.0,108333.0,310877.0,0.0,781.0,104829.0,412960.0,4363.0
2024-03-31,1047523.0,1046061.0,107923.0,295763.0,0.0,764.0,69009.0,479004.0,3447.0
